{"cameraMode":{"drawMode":0,"name":"Shaded","section":"Shading Mode"},"sceneLighting":false,"audioPlay":false,"sceneViewState":{"m_AlwaysRefresh":false,"showFog":true,"showSkybox":true,"showFlares":true,"showImageEffects":true,"showParticleSystems":true,"showVisualEffectGraphs":true,"m_FxEnabled":true},"in2DMode":false,"pivot":{"x":19.261981964111329,"y":2.7567358016967775,"z":22.40247917175293},"rotation":{"x":-0.003250327194109559,"y":0.9760003089904785,"z":-0.21916081011295319,"w":-0.02721216343343258},"size":9.253399848937989,"orthographic":false}