{"cameraMode":{"drawMode":0,"name":"Shaded","section":"Shading Mode"},"sceneLighting":true,"audioPlay":false,"sceneViewState":{"m_AlwaysRefresh":false,"showFog":true,"showSkybox":true,"showFlares":true,"showImageEffects":true,"showParticleSystems":true,"showVisualEffectGraphs":true,"m_FxEnabled":true},"in2DMode":false,"pivot":{"x":-26.244428634643556,"y":3.259779453277588,"z":12.640972137451172},"rotation":{"x":0.1321004331111908,"y":-0.04309697821736336,"z":0.005734616424888372,"w":0.9903082847595215},"size":13.119454383850098,"orthographic":false}