{"cameraMode":{"drawMode":0,"name":"Shaded","section":"Shading Mode"},"sceneLighting":false,"audioPlay":false,"sceneViewState":{"m_AlwaysRefresh":false,"showFog":true,"showSkybox":true,"showFlares":true,"showImageEffects":true,"showParticleSystems":true,"showVisualEffectGraphs":true,"m_FxEnabled":true},"in2DMode":false,"pivot":{"x":25.20853042602539,"y":9.302313804626465,"z":23.402711868286134},"rotation":{"x":0.41922542452812197,"y":-0.5431129932403565,"z":0.36019304394721987,"w":0.6321301460266113},"size":32.993553161621097,"orthographic":true}