{"cameraMode":{"drawMode":0,"name":"Shaded","section":"Shading Mode"},"sceneLighting":false,"audioPlay":false,"sceneViewState":{"m_AlwaysRefresh":false,"showFog":true,"showSkybox":true,"showFlares":true,"showImageEffects":true,"showParticleSystems":true,"showVisualEffectGraphs":true,"m_FxEnabled":true},"in2DMode":false,"pivot":{"x":30.20821189880371,"y":-11.169944763183594,"z":86.92922973632813},"rotation":{"x":-0.26140546798706057,"y":-0.02231408655643463,"z":0.003551146248355508,"w":-0.9656648635864258},"size":40.60740661621094,"orthographic":false}