{"cameraMode":{"drawMode":0,"name":"Shaded","section":"Shading Mode"},"sceneLighting":false,"audioPlay":false,"sceneViewState":{"m_AlwaysRefresh":false,"showFog":true,"showSkybox":true,"showFlares":true,"showImageEffects":true,"showParticleSystems":true,"showVisualEffectGraphs":true,"m_FxEnabled":true},"in2DMode":false,"pivot":{"x":9.699095726013184,"y":1.2452446222305298,"z":2.0577735900878908},"rotation":{"x":-0.03201885148882866,"y":0.9637638330459595,"z":-0.17454569041728974,"w":-0.20279164612293244},"size":1.9317598342895508,"orthographic":false}