{"cameraMode":{"drawMode":0,"name":"Shaded","section":"Shading Mode"},"sceneLighting":false,"audioPlay":false,"sceneViewState":{"m_AlwaysRefresh":false,"showFog":true,"showSkybox":false,"showFlares":true,"showImageEffects":true,"showParticleSystems":true,"showVisualEffectGraphs":true,"m_FxEnabled":true},"in2DMode":false,"pivot":{"x":0.6212776303291321,"y":1.1291422843933106,"z":0.2625867426395416},"rotation":{"x":0.011510172858834267,"y":-0.9769226312637329,"z":0.20555303990840913,"w":0.0606379397213459},"size":2.8156025409698488,"orthographic":false}