{"cameraMode":{"drawMode":0,"name":"Shaded","section":"Shading Mode"},"sceneLighting":true,"audioPlay":false,"sceneViewState":{"m_AlwaysRefresh":false,"showFog":true,"showSkybox":true,"showFlares":true,"showImageEffects":true,"showParticleSystems":true,"showVisualEffectGraphs":true,"m_FxEnabled":true},"in2DMode":false,"pivot":{"x":24.463491439819337,"y":-1.187537670135498,"z":61.47272491455078},"rotation":{"x":0.28752920031547549,"y":0.3507598042488098,"z":-0.11396778374910355,"w":0.8840519785881043},"size":10.920249938964844,"orthographic":true}