{"cameraMode":{"drawMode":0,"name":"Shaded","section":"Shading Mode"},"sceneLighting":true,"audioPlay":false,"sceneViewState":{"m_AlwaysRefresh":false,"showFog":true,"showSkybox":true,"showFlares":true,"showImageEffects":true,"showParticleSystems":true,"showVisualEffectGraphs":true,"m_FxEnabled":true},"in2DMode":false,"pivot":{"x":16.080020904541017,"y":1.9717514514923096,"z":18.049999237060548},"rotation":{"x":0.08036727458238602,"y":0.836968183517456,"z":-0.12777695059776307,"w":0.5262678861618042},"size":2.089214563369751,"orthographic":true}